image_id,face_idx,race,gender,age_group,race_scores,gender_scores,age_scores
2,face0,Black,Female,50-59,[0.26122642 0.7090924  0.00453175 0.0251494 ],[0.32310033 0.67689973],"[1.70753378e-09 3.55798393e-01 1.44905052e-05 4.08624231e-07
 1.11276195e-05 2.28624921e-02 5.72004914e-01 4.79164012e-02
 1.39179698e-03]"
5,face0,White,Female,50-59,[0.9234921  0.04160976 0.00704109 0.02785715],[0.39246598 0.60753405],"[4.4865878e-10 3.9837646e-01 3.9876945e-06 1.2378243e-07 4.9486985e-06
 1.4420074e-02 5.4547763e-01 4.0958058e-02 7.5867027e-04]"
21,face0,Asian,Female,50-59,[3.2055253e-01 1.7859603e-04 6.7918003e-01 8.8885790e-05],[0.29191947 0.70808053],"[2.2298668e-08 1.0370876e-03 1.0818768e-01 3.6969304e-05 2.4134917e-02
 3.2666701e-01 5.0058502e-01 3.7475422e-02 1.8758309e-03]"
23,face0,White,Female,50-59,[7.5435233e-01 2.1663960e-04 2.4465781e-01 7.7323290e-04],[0.47816572 0.5218343 ],"[9.85369013e-08 4.21786774e-03 1.08657554e-01 1.94281365e-05
 3.43918509e-04 4.13519330e-02 6.32799387e-01 1.95561171e-01
 1.70485936e-02]"
24,face0,Asian,Female,50-59,[3.5794489e-02 5.6951525e-05 9.6398705e-01 1.6152691e-04],[0.45452446 0.5454756 ],"[8.1201685e-09 1.8515445e-03 6.7969345e-02 5.5352513e-07 1.8739194e-04
 9.8937124e-02 7.2718453e-01 9.8349869e-02 5.5195871e-03]"
43,face0,White,Male,3-9,[9.7005922e-01 1.9040135e-03 2.7235607e-02 8.0109097e-04],[0.59303606 0.40696388],"[6.7971584e-08 6.0888946e-01 4.0132584e-04 7.2334201e-06 5.7344714e-05
 1.2337300e-03 1.4619906e-01 2.0451996e-01 3.8691837e-02]"
44,face0,White,Male,3-9,[0.9880812  0.00222609 0.00687087 0.00282182],[0.6112238  0.38877618],"[1.75982020e-08 5.20418644e-01 1.28386237e-04 1.66907012e-05
 1.14720744e-04 1.00653083e-03 2.90420294e-01 1.78806245e-01
 9.08851344e-03]"
45,face0,White,Male,50-59,[9.5578355e-01 9.0482476e-04 4.1389611e-02 1.9220124e-03],[0.60520995 0.39479005],"[4.6716096e-07 3.1536016e-01 2.1304556e-03 6.0596190e-05 1.0615306e-03
 1.9461462e-02 4.1292790e-01 2.2787903e-01 2.1118471e-02]"
49,face0,White,Male,60-69,[0.9623564  0.00470058 0.02861312 0.00432992],[0.5928839  0.40711612],"[6.5748713e-07 3.2920897e-01 2.2589844e-03 5.5928371e-04 2.9328770e-03
 2.7995487e-03 2.1825609e-01 3.8211095e-01 6.1872624e-02]"
73,face0,White,Female,30-39,[0.8862122  0.00117744 0.10851947 0.0040909 ],[0.22457683 0.77542317],"[7.1746368e-12 3.8679445e-06 2.2025844e-02 4.0955651e-06 6.9172919e-01
 2.8307754e-01 3.1129131e-03 4.5444467e-05 9.7754321e-07]"
84,face0,White,Female,10-19,[7.4212885e-01 1.8638886e-05 2.5748235e-01 3.7010640e-04],[0.23532249 0.7646775 ],"[2.0928258e-10 1.6427397e-05 8.1557518e-01 1.3261954e-05 6.5899459e-03
 3.2147571e-02 1.3593970e-01 9.4315819e-03 2.8639202e-04]"
85,face0,Asian,Female,10-19,[3.9520061e-01 1.9328427e-05 6.0360140e-01 1.1786566e-03],[0.26945624 0.73054373],"[8.9417978e-12 5.6912035e-07 9.2151052e-01 4.0307690e-08 7.9292899e-05
 1.1000839e-02 6.1815981e-02 5.4305848e-03 1.6219396e-04]"
86,face0,White,Female,10-19,[7.5440872e-01 1.5203502e-05 2.4533817e-01 2.3786415e-04],[0.1962028 0.8037972],"[4.7091025e-12 3.6371557e-06 4.0695098e-01 1.9393253e-06 8.8080755e-03
 2.3763120e-01 3.4158313e-01 4.9851364e-03 3.5829882e-05]"
89,face0,White,Female,10-19,[6.3773119e-01 8.0188902e-06 3.6090437e-01 1.3563980e-03],[0.2295511 0.7704489],"[8.1751784e-12 4.9845681e-07 8.8840795e-01 4.0032390e-08 1.2804024e-04
 2.0308077e-02 8.5780621e-02 5.2906806e-03 8.4194187e-05]"
131,face0,Asian,Female,50-59,[1.0954683e-02 2.8888037e-06 9.8647541e-01 2.5670275e-03],[0.29730913 0.70269084],"[3.9062828e-12 3.7925092e-06 1.4518875e-01 1.2857242e-08 8.0007070e-05
 2.1013179e-01 6.3538116e-01 9.1640772e-03 5.0418701e-05]"
144,face0,White,Female,50-59,[9.9927318e-01 1.8919849e-06 7.0273102e-04 2.2167826e-05],[0.19491227 0.8050877 ],"[2.8065367e-13 5.5301666e-07 2.5488296e-01 1.0315268e-07 1.0364663e-03
 3.6852929e-01 3.7373406e-01 1.8109718e-03 5.6068052e-06]"
151,face0,Asian,Female,50-59,[7.564678e-03 7.280486e-04 9.916133e-01 9.395775e-05],[0.22472152 0.77527845],"[1.7655233e-10 2.1196069e-05 4.7455508e-02 1.5939827e-06 2.8887484e-03
 3.3929071e-01 6.0120040e-01 9.0682320e-03 7.3753043e-05]"
152,face0,Asian,Female,50-59,[1.7670487e-01 3.2521959e-05 8.2133168e-01 1.9309549e-03],[0.30786806 0.69213194],"[7.3571044e-10 9.1275389e-05 1.6172667e-01 5.2741598e-07 7.6361670e-04
 1.1290353e-01 6.8039942e-01 4.3511610e-02 6.0335430e-04]"
168,face0,Asian,Female,40-49,[6.1982330e-03 5.3433282e-06 9.9313575e-01 6.6068268e-04],[0.25806937 0.74193066],"[2.7371282e-12 4.1531530e-06 3.4691546e-02 3.7278447e-08 8.5777120e-04
 5.3316057e-01 4.2967847e-01 1.6018074e-03 5.6817421e-06]"
185,face0,Asian,Male,50-59,[5.4923877e-02 1.0228881e-05 9.4463849e-01 4.2738862e-04],[0.50325435 0.49674562],"[3.4698888e-09 3.6771249e-02 4.1019591e-04 2.8659861e-06 5.6722126e-04
 2.6360750e-01 6.5187854e-01 4.6009287e-02 7.5326487e-04]"
230,face0,White,Female,40-49,[9.9944639e-01 4.8404814e-07 5.3994462e-04 1.3242063e-05],[0.4166177 0.5833823],"[1.4811272e-11 1.3354488e-02 3.5703048e-05 3.0981391e-07 8.8503357e-04
 7.0129627e-01 2.8087750e-01 3.5198252e-03 3.0872896e-05]"
251,face0,White,Female,10-19,[9.4794363e-01 4.8499214e-06 5.1635146e-02 4.1634552e-04],[0.24317524 0.7568248 ],"[2.9046108e-09 4.8679413e-04 4.1761035e-01 1.6257452e-04 3.6019519e-02
 1.2740344e-01 3.9169008e-01 2.5303910e-02 1.3232733e-03]"
254,face0,Asian,Female,50-59,[1.8883349e-01 2.3349209e-04 8.0974770e-01 1.1853288e-03],[0.25305834 0.7469416 ],"[4.1468684e-10 2.9059238e-05 1.5269861e-01 3.0554490e-06 1.9948145e-04
 6.2513411e-02 7.6198775e-01 2.2381272e-02 1.8740515e-04]"
254,face1,Asian,Female,50-59,[7.0679620e-05 1.6489501e-05 9.9989915e-01 1.3648457e-05],[0.43530592 0.56469405],"[1.5869751e-10 1.4188413e-01 1.5236976e-05 2.2443726e-07 2.1273820e-05
 6.3451782e-02 7.5472766e-01 3.9555375e-02 3.4438900e-04]"
256,face0,Asian,Female,50-59,[1.5467538e-01 4.2271797e-05 8.4521317e-01 6.9184702e-05],[0.24351892 0.75648105],"[3.1202898e-11 9.7211441e-06 2.5033402e-01 5.2813692e-07 4.5109424e-05
 2.6994143e-02 6.9857907e-01 2.3884159e-02 1.5324514e-04]"
291,face0,Asian,Female,3-9,[0.02027008 0.00299831 0.89088345 0.08584817],[0.35881412 0.6411859 ],"[5.1090612e-12 8.0068636e-01 5.2622006e-08 6.0031113e-09 5.7996294e-06
 1.4851246e-02 1.8000744e-01 4.4288803e-03 2.0184147e-05]"
295,face0,Asian,Male,50-59,[1.7885445e-03 7.9705724e-06 9.9754065e-01 6.6282833e-04],[0.59113026 0.40886968],"[3.8080896e-11 2.9982004e-01 2.3548057e-06 3.7238632e-08 6.7106394e-06
 5.0547175e-02 6.2679064e-01 2.2709398e-02 1.2366557e-04]"
304,face0,Asian,Male,50-59,[6.0939291e-03 2.0848674e-04 9.9320209e-01 4.9546646e-04],[0.6185959  0.38140407],"[8.7328461e-10 1.6837010e-01 2.0995732e-05 4.9361947e-08 2.9481946e-06
 2.5287207e-02 7.1405989e-01 9.0725489e-02 1.5333431e-03]"
308,face0,Asian,Female,50-59,[0.02232441 0.01384958 0.9414276  0.02239835],[0.39217335 0.60782665],"[6.1450317e-10 2.2644807e-01 5.1952065e-06 3.9302741e-08 2.3334414e-05
 8.6848401e-02 6.6814357e-01 1.8352859e-02 1.7856578e-04]"
344,face0,Asian,Female,50-59,[2.7930285e-03 7.5632342e-05 9.9675149e-01 3.7982801e-04],[0.3649075 0.6350925],"[6.8616435e-10 6.0494604e-05 1.3758294e-01 7.4933555e-06 3.2145365e-03
 2.2288564e-01 6.2298077e-01 1.3186439e-02 8.1667102e-05]"
361,face0,White,Female,10-19,[9.9995375e-01 1.6147711e-05 3.7524139e-06 2.6337477e-05],[0.3024748 0.6975252],"[8.9914499e-12 1.0840641e-05 4.7287056e-01 1.7018985e-08 2.3093824e-05
 3.7288513e-02 4.2567587e-01 6.3494809e-02 6.3634978e-04]"
484,face0,Asian,Female,30-39,[9.4107473e-03 5.4377988e-06 9.8866636e-01 1.9174858e-03],[0.34441632 0.6555837 ],"[3.6198752e-10 3.1820233e-05 1.7187329e-01 1.3300330e-02 8.0908322e-01
 5.1547773e-03 4.7408941e-04 5.6145229e-05 2.6220714e-05]"
487,face0,Asian,Female,50-59,[1.1863646e-02 2.1993688e-04 9.8392969e-01 3.9867484e-03],[0.33253008 0.6674699 ],"[6.1638854e-09 5.1637385e-03 8.2169840e-04 1.2400567e-06 1.4911314e-03
 4.4983506e-01 5.2786869e-01 1.4655650e-02 1.6274072e-04]"
686,face0,White,Female,50-59,[9.9894720e-01 7.3361729e-04 8.9106528e-05 2.3009125e-04],[0.23090807 0.7690919 ],"[1.6072853e-11 8.5318234e-06 1.5575622e-01 7.3070389e-08 3.6231559e-05
 3.8150866e-02 7.5105232e-01 5.4792587e-02 2.0320329e-04]"
1109,face0,White,Male,50-59,[9.9955666e-01 4.6037426e-06 3.7129529e-04 6.7419569e-05],[0.5273976 0.4726024],"[1.3829852e-09 1.2849538e-01 3.0189886e-04 7.8491234e-07 2.4513196e-05
 4.2940158e-02 7.0385784e-01 1.1979824e-01 4.5811269e-03]"
1329,face0,Black,Female,50-59,[6.9243320e-06 9.9968880e-01 3.2652955e-05 2.7158819e-04],[0.41393098 0.586069  ],"[8.0812335e-10 4.5505032e-02 1.7264893e-03 5.1061380e-07 1.4515822e-04
 5.3328834e-02 7.7704734e-01 1.1746340e-01 4.7831982e-03]"
1346,face0,Black,Female,50-59,[3.3903427e-05 9.9963289e-01 2.3810682e-05 3.0941065e-04],[0.3448381 0.655162 ],"[6.1901764e-09 1.1701771e-01 2.3625654e-03 2.9602766e-06 1.4681078e-05
 3.0250449e-03 4.3036273e-01 3.8385105e-01 6.3363254e-02]"
1356,face0,Black,Female,40-49,[1.2128361e-04 9.0961975e-01 2.0205650e-04 9.0056956e-02],[0.33876443 0.6612356 ],"[8.0462454e-09 6.4579718e-02 2.4078614e-03 6.8577010e-06 8.0627892e-03
 4.5732805e-01 4.3809709e-01 2.8173089e-02 1.3445335e-03]"
1515,face0,Asian,Male,50-59,[0.22804672 0.00135746 0.7506733  0.01992251],[0.57205987 0.4279401 ],"[7.7151441e-09 7.9527229e-02 1.6851431e-04 1.9371829e-07 2.8706713e-06
 7.7820155e-03 5.7074010e-01 3.3110988e-01 1.0669191e-02]"
1528,face0,Asian,Male,3-9,[3.1090630e-03 3.9921732e-05 9.9297315e-01 3.8778842e-03],[0.5264538 0.4735462],"[1.74160700e-10 7.28887677e-01 1.87906107e-06 4.03795042e-08
 1.29442415e-05 2.57817078e-02 2.21480384e-01 2.34818123e-02
 3.53556621e-04]"
1593,face0,Indian,Male,3-9,[0.33143148 0.04412099 0.00429373 0.62015384],[0.5334755  0.46652442],"[1.2256197e-10 8.7867254e-01 6.4888263e-07 2.4263974e-07 1.7218686e-07
 1.4144579e-05 3.3687036e-02 8.2076780e-02 5.5484790e-03]"
1902,face0,Asian,Female,10-19,[2.2110933e-02 2.4753677e-05 9.7760898e-01 2.5524237e-04],[0.26917455 0.7308254 ],"[1.2284177e-08 3.8820031e-04 5.7691699e-01 1.7617389e-05 5.7413983e-03
 6.7313962e-02 2.9151899e-01 5.4654382e-02 3.4484412e-03]"
2227,face1,Asian,Female,50-59,[1.7272207e-03 2.8232552e-04 9.9734211e-01 6.4830919e-04],[0.43352237 0.56647766],"[2.2303726e-09 9.1596521e-02 4.3351611e-05 4.3002177e-07 1.9977870e-04
 3.2606941e-01 5.6434256e-01 1.7549647e-02 1.9827719e-04]"
2227,face0,Asian,Female,10-19,[3.6829853e-01 4.2088056e-04 6.2996078e-01 1.3198574e-03],[0.42757878 0.5724212 ],"[8.9724281e-09 8.2064822e-04 4.3602175e-01 2.9977960e-05 1.6912397e-03
 6.1101958e-02 4.0804154e-01 8.7660417e-02 4.6324725e-03]"
2307,face0,White,Female,10-19,[0.43611577 0.00315824 0.18303956 0.3776864 ],[0.15445082 0.84554917],"[8.8116410e-11 5.0312747e-06 5.9243721e-01 4.2361073e-08 3.2758497e-04
 4.5255404e-02 3.3334669e-01 2.8401248e-02 2.2676888e-04]"
2369,face0,Asian,Female,10-19,[5.0530294e-03 5.9470776e-06 9.9489588e-01 4.5108474e-05],[0.23334277 0.76665723],"[8.3331217e-11 4.9836071e-06 5.4519856e-01 9.5094713e-08 4.8161517e-05
 1.9941283e-02 3.8576135e-01 4.8426427e-02 6.1906740e-04]"
2685,face0,White,Female,30-39,[9.5839417e-01 6.2718887e-06 4.0968675e-02 6.3090702e-04],[0.28467774 0.71532226],"[9.6757782e-11 2.6785673e-04 2.9037107e-02 6.1759475e-04 7.1952450e-01
 2.2006239e-01 2.9866530e-02 5.9654587e-04 2.7479176e-05]"
2685,face1,White,Female,30-39,[9.9418318e-01 2.2452150e-06 5.6168241e-03 1.9776593e-04],[0.41942295 0.5805771 ],"[2.4584557e-09 1.0270877e-02 3.1421389e-03 1.3600519e-02 8.2236534e-01
 1.3948472e-01 9.8555991e-03 1.0944612e-03 1.8626807e-04]"
2688,face1,White,Female,50-59,[9.7972000e-01 2.9745037e-04 1.5351782e-02 4.6307151e-03],[0.3322425 0.6677575],"[2.23926055e-09 3.90026049e-04 2.32905835e-01 2.86915001e-05
 4.77796700e-03 1.17398225e-01 6.03755832e-01 3.95787172e-02
 1.16465171e-03]"
2688,face0,Asian,Female,50-59,[1.5885244e-01 1.1750204e-04 8.4094340e-01 8.6684646e-05],[0.24836786 0.7516321 ],"[3.4329659e-09 8.7635807e-04 3.0569449e-02 1.9078108e-05 1.1787723e-02
 4.5374015e-01 4.8168984e-01 2.1038361e-02 2.7902261e-04]"
3153,face0,Asian,Female,50-59,[1.2065360e-01 2.2163894e-04 8.7633240e-01 2.7923647e-03],[0.22184385 0.77815616],"[3.0572626e-12 9.2686719e-07 2.0378794e-01 4.5805861e-09 8.1786156e-06
 6.2713034e-02 7.1107113e-01 2.2355406e-02 6.3441694e-05]"
3309,face0,Asian,Female,50-59,[1.2194343e-01 1.3714802e-03 8.7612951e-01 5.5557280e-04],[0.21293792 0.7870621 ],"[2.3971042e-10 4.6509202e-05 1.8252015e-02 1.0733241e-06 1.1704920e-03
 2.6497388e-01 7.0583713e-01 9.6868528e-03 3.2067619e-05]"
3812,face0,Asian,Female,10-19,[4.2511843e-02 4.9325114e-04 9.4074649e-01 1.6248442e-02],[0.29730356 0.70269644],"[1.2141614e-09 5.2626350e-05 7.8382951e-01 2.3542292e-05 2.5862632e-03
 1.4788760e-02 1.7378645e-01 2.4366733e-02 5.6612276e-04]"
3812,face1,Asian,Female,50-59,[2.3510065e-02 4.6919071e-05 9.7603178e-01 4.1119705e-04],[0.19260015 0.80739987],"[6.8058809e-11 7.2631483e-06 1.6080673e-01 5.8989770e-07 1.0101199e-04
 6.3484609e-02 7.4663901e-01 2.8860556e-02 1.0024000e-04]"
4740,face0,Black,Male,60-69,[0.0016211  0.63293093 0.36136696 0.00408105],[0.5388778 0.4611222],"[1.7920772e-08 2.3716437e-03 2.3633581e-01 5.4874056e-07 3.2440599e-05
 8.1750359e-03 2.7645996e-01 4.1799077e-01 5.8633778e-02]"
4742,face0,Asian,Male,50-59,[7.5794778e-05 6.0152920e-04 9.9844182e-01 8.8092627e-04],[0.54440784 0.45559216],"[8.8431849e-09 2.5801782e-02 4.3047448e-03 1.0958571e-06 1.5072238e-04
 1.3016914e-01 7.3925829e-01 9.7158171e-02 3.1560180e-03]"
5174,face0,Asian,Female,50-59,[3.6770094e-04 1.9464893e-05 9.9946702e-01 1.4577126e-04],[0.4227753  0.57722473],"[3.6330818e-09 4.2957955e-04 1.6107479e-01 1.6060918e-07 4.4316935e-06
 1.2582241e-02 5.9309351e-01 2.1469823e-01 1.8117012e-02]"
5867,face0,Asian,Male,50-59,[0.326497   0.01913718 0.61152154 0.04284431],[0.5257866  0.47421336],"[1.3212863e-06 1.9889653e-02 1.0770998e-01 2.6659429e-04 4.2565558e-03
 4.6538413e-02 4.5224684e-01 3.1438005e-01 5.4710597e-02]"
6374,face0,Asian,Female,50-59,[4.7309636e-03 4.0918731e-04 9.9468052e-01 1.7936710e-04],[0.205654 0.794346],"[7.28090574e-11 8.23035589e-06 1.36839256e-01 2.08661163e-07
 3.64390318e-04 1.07548766e-01 7.36469269e-01 1.86949950e-02
 7.48198363e-05]"
6374,face1,Asian,Female,50-59,[1.8877195e-03 2.3448988e-04 9.9785435e-01 2.3513536e-05],[0.2471395 0.7528604],"[1.58150812e-10 9.08262155e-06 4.29554284e-01 3.65346779e-07
 1.12415386e-04 3.28413136e-02 4.92067456e-01 4.51605469e-02
 2.54558225e-04]"
6823,face0,White,Female,50-59,[9.7224689e-01 3.3145817e-04 2.7243681e-02 1.7798823e-04],[0.23546377 0.76453626],"[6.3897936e-11 6.1866581e-06 4.1674471e-01 1.2982188e-07 1.1504045e-04
 8.8837139e-02 4.7804809e-01 1.6070535e-02 1.7816329e-04]"
7524,face0,Asian,Female,10-19,[1.9701594e-02 1.2183699e-07 9.8029786e-01 4.5416732e-07],[0.3336423 0.6663577],"[3.8016486e-11 6.8664522e-05 4.8092321e-01 8.0811209e-04 5.7407454e-02
 1.9475783e-01 2.6276889e-01 3.1711184e-03 9.4693263e-05]"
8145,face0,White,Female,10-19,[9.3703717e-01 1.3500405e-05 6.2869124e-02 8.0241582e-05],[0.39477453 0.60522544],"[4.2463539e-09 4.4482117e-04 4.9509907e-01 2.6728781e-05 1.2543687e-02
 2.9266587e-01 1.7655644e-01 2.0904131e-02 1.7592487e-03]"
8457,face0,Asian,Male,50-59,[7.310486e-04 5.751137e-07 9.992332e-01 3.516746e-05],[0.5469816  0.45301843],"[1.3515315e-10 9.3112089e-02 6.9482689e-05 5.8703211e-08 1.6105041e-05
 6.8422668e-02 7.5032061e-01 8.6878113e-02 1.1807716e-03]"
9277,face0,Asian,Female,30-39,[1.0441637e-02 5.7878769e-06 9.8875916e-01 7.9343293e-04],[0.34362066 0.6563794 ],"[3.9088316e-11 8.5865040e-06 1.5002304e-01 1.5362881e-03 8.2027060e-01
 2.6444009e-02 1.6811276e-03 3.2572385e-05 3.7714540e-06]"
9785,face0,White,Female,50-59,[9.9895245e-01 2.9061153e-05 9.0273476e-04 1.1575174e-04],[0.46020433 0.5397957 ],"[1.7301560e-10 7.1648769e-02 5.0527233e-05 1.9719876e-07 5.6499663e-05
 1.3897103e-01 7.7078635e-01 1.8166410e-02 3.2024784e-04]"
10380,face0,Asian,Female,50-59,[2.370429e-03 9.718638e-06 9.880769e-01 9.542960e-03],[0.17513983 0.82486016],"[4.8188528e-12 5.5639807e-06 5.0295040e-02 4.2238732e-08 4.8359414e-04
 1.8277560e-01 7.5897551e-01 7.4528097e-03 1.1887345e-05]"
10390,face0,Asian,Female,10-19,[3.0559890e-03 4.5815864e-07 9.9692804e-01 1.5502652e-05],[0.2322904 0.7677097],"[7.7333729e-13 3.7065561e-07 5.8115381e-01 3.6223604e-08 2.0243710e-05
 2.7034407e-02 3.8212025e-01 9.6431645e-03 2.7706326e-05]"
10760,face0,White,Female,50-59,[9.3485856e-01 4.2496325e-05 6.4550407e-02 5.4852746e-04],[0.3117468  0.68825316],"[2.2492134e-08 3.2202017e-03 3.0882916e-01 4.8793305e-04 8.2060486e-02
 1.6704154e-01 3.8589311e-01 4.8817053e-02 3.6504876e-03]"
10760,face1,Asian,Male,50-59,[0.21235059 0.19881351 0.52814364 0.06069224],[0.50022286 0.49977723],"[1.35065929e-05 7.63010457e-02 1.02739625e-01 6.32814554e-05
 2.34621274e-03 1.53900072e-01 3.93707812e-01 1.99683130e-01
 7.12452456e-02]"
11145,face0,Asian,Female,40-49,[1.4507225e-01 1.6025221e-04 8.5438168e-01 3.8581484e-04],[0.3612224 0.6387776],"[7.6778757e-11 1.4063392e-02 2.1753604e-05 1.0117149e-07 2.7399333e-04
 5.6369287e-01 4.1659665e-01 5.3340029e-03 1.7154329e-05]"
11202,face0,Asian,Female,30-39,[0.49409467 0.00061257 0.49741268 0.00788009],[0.33051214 0.66948783],"[1.24592221e-08 9.19597864e-04 1.84227005e-02 1.02312806e-04
 5.90710223e-01 3.51417333e-01 3.64026837e-02 1.89449638e-03
 1.30535438e-04]"
11202,face1,Asian,Female,40-49,[1.4168062e-02 3.7607151e-05 9.8506910e-01 7.2522095e-04],[0.22961043 0.77038956],"[3.9721799e-09 2.1109771e-04 2.8427556e-01 1.7781604e-05 4.8928019e-02
 3.8558951e-01 2.6847434e-01 1.2146933e-02 3.5671401e-04]"
11652,face0,Asian,Female,50-59,[5.8760413e-04 7.6007422e-07 9.9940103e-01 1.0601230e-05],[0.21976237 0.7802376 ],"[5.4937752e-11 3.6935304e-05 1.2718242e-01 3.9334082e-06 4.2444398e-03
 2.5910398e-01 5.9131253e-01 1.8000381e-02 1.1537111e-04]"
11828,face0,Asian,Female,50-59,[2.1453632e-01 5.3452914e-05 7.7785587e-01 7.5543025e-03],[0.18765359 0.8123464 ],"[6.7379247e-10 6.4360880e-05 1.9161847e-01 1.1704930e-06 1.8427027e-03
 2.3605871e-01 5.4139239e-01 2.8567443e-02 4.5479432e-04]"
11865,face0,Asian,Female,10-19,[5.7282406e-03 7.2053626e-07 9.9426866e-01 2.3846922e-06],[0.2203087 0.7796913],"[8.1494377e-12 3.2422554e-06 6.8294388e-01 2.7720907e-07 1.8230329e-04
 3.2348171e-02 2.6435432e-01 2.0025017e-02 1.4273531e-04]"
12102,face0,Asian,Female,30-39,[1.2162666e-01 9.8132568e-06 8.7811548e-01 2.4810812e-04],[0.28504416 0.71495587],"[3.0697184e-10 4.0006984e-05 4.1543752e-01 3.7750604e-03 5.1348412e-01
 5.4406270e-02 1.2458538e-02 3.7271332e-04 2.5758460e-05]"
12102,face1,Asian,Female,30-39,[1.8832467e-01 1.2810696e-04 8.1044030e-01 1.1069167e-03],[0.32335588 0.6766441 ],"[7.37800265e-09 2.31046986e-04 2.52878368e-01 3.75106954e-03
 6.48321211e-01 7.60819837e-02 1.76999308e-02 9.26570676e-04
 1.09794506e-04]"
12102,face2,Asian,Female,30-39,[5.9881996e-02 1.6715336e-05 9.3992460e-01 1.7670746e-04],[0.23128633 0.7687137 ],"[1.5304885e-09 6.0096727e-04 2.1442020e-02 7.2209886e-04 5.3503561e-01
 3.6889774e-01 7.2234415e-02 1.0395774e-03 2.7638031e-05]"
12200,face0,Asian,Female,10-19,[1.4705229e-01 9.0114809e-06 8.5281861e-01 1.2013913e-04],[0.29935116 0.70064884],"[6.5579203e-10 4.6075111e-05 6.5684938e-01 7.8667890e-06 8.7138172e-04
 2.9743833e-02 2.8744471e-01 2.4579095e-02 4.5756288e-04]"
12210,face0,White,Female,10-19,[7.0794344e-01 3.3110424e-04 2.9137489e-01 3.5056350e-04],[0.35386378 0.6461362 ],"[1.1021390e-08 3.0384291e-04 8.9760524e-01 9.3797726e-06 2.1446988e-03
 1.5820086e-02 5.5077836e-02 2.4541348e-02 4.4975444e-03]"
12878,face0,Asian,Female,50-59,[1.9706696e-02 7.3390738e-06 9.7348303e-01 6.8028420e-03],[0.18293643 0.81706357],"[1.1276593e-09 1.8102585e-04 1.4253204e-01 1.9485544e-06 1.2416540e-03
 1.5040049e-01 6.6108948e-01 4.3804172e-02 7.4919523e-04]"
13067,face0,Asian,Female,10-19,[4.9620671e-03 4.6136124e-06 9.9502200e-01 1.1295806e-05],[0.24757895 0.752421  ],"[3.83559517e-10 1.89473085e-05 8.27421665e-01 4.86820727e-06
 1.09459215e-04 7.86524452e-03 1.40168950e-01 2.34662816e-02
 9.44544969e-04]"
13067,face1,Asian,Female,50-59,[2.9323842e-02 2.2431379e-04 9.7034997e-01 1.0188964e-04],[0.49850866 0.5014913 ],"[8.2510603e-09 4.6693329e-02 1.1627576e-03 1.3614575e-06 3.2424476e-04
 1.8302438e-01 6.8480670e-01 8.2289226e-02 1.6979437e-03]"
13068,face1,Asian,Female,50-59,[2.87980456e-02 5.30013313e-05 9.71031845e-01 1.17121665e-04],[0.45807526 0.5419248 ],"[3.3038366e-10 1.7385618e-01 2.0918156e-05 2.5079805e-07 2.4650589e-04
 3.1393611e-01 4.9127916e-01 2.0498285e-02 1.6259257e-04]"
13068,face0,Asian,Female,10-19,[1.32307345e-02 6.24478998e-05 9.86530483e-01 1.76293484e-04],[0.25996265 0.74003726],"[4.2182099e-10 3.0690677e-05 5.9723347e-01 4.7587901e-06 2.3995033e-04
 2.1647932e-02 3.4471133e-01 3.5349358e-02 7.8253803e-04]"
13570,face0,White,Female,3-9,[9.5311600e-01 4.2825654e-02 8.7859336e-04 3.1797772e-03],[0.41826987 0.58173007],"[4.5609388e-11 9.9371302e-01 7.1374053e-08 7.1775069e-08 1.3889142e-07
 5.3908834e-06 1.7895645e-03 3.8406353e-03 6.5114541e-04]"
14089,face0,White,Female,50-59,[9.5462793e-01 5.7205012e-05 4.4160169e-02 1.1547537e-03],[0.31336644 0.6866336 ],"[2.8710239e-09 5.0648977e-04 2.1950740e-01 4.0104124e-03 1.6020745e-01
 1.2530404e-01 4.8377603e-01 6.5114326e-03 1.7674519e-04]"
14089,face1,White,Female,30-39,[9.7848773e-01 5.6685774e-05 2.0786146e-02 6.6953973e-04],[0.35066321 0.64933676],"[4.4485056e-09 9.5008762e-04 8.4794044e-02 7.0310704e-02 6.1071068e-01
 8.1744015e-02 1.4947301e-01 1.9531401e-03 6.4238360e-05]"
14834,face0,Asian,Female,40-49,[0.418294   0.00405669 0.54738325 0.03026604],[0.27849853 0.7215014 ],"[1.3217078e-11 1.1786825e-02 7.4336531e-06 1.5258045e-08 2.7112509e-04
 5.9900296e-01 3.8673359e-01 2.1935361e-03 4.5101674e-06]"
14926,face0,Asian,Female,50-59,[6.3585299e-03 9.3805022e-07 9.9302346e-01 6.1705103e-04],[0.1394987  0.86050135],"[1.51882890e-12 2.62097001e-06 3.56303193e-02 1.87109954e-08
 1.10836554e-04 1.41033933e-01 8.14614475e-01 8.59140046e-03
 1.64166540e-05]"
14934,face0,Asian,Female,50-59,[9.716681e-04 9.059986e-07 9.990190e-01 8.374281e-06],[0.2684289 0.7315711],"[5.2262097e-12 2.1169242e-06 4.7395566e-01 6.9096728e-08 7.7545601e-06
 2.5155200e-02 4.7755590e-01 2.3239134e-02 8.4140680e-05]"
15015,face0,White,Male,50-59,[9.9853015e-01 2.7812790e-04 4.1847702e-04 7.7318249e-04],[0.5686076 0.4313923],"[5.3440072e-11 4.2474017e-01 4.3761784e-06 7.0235370e-07 1.0695755e-05
 2.9022945e-03 5.0911504e-01 6.2681332e-02 5.4539857e-04]"
15024,face0,White,Female,50-59,[9.9878347e-01 4.0976788e-04 2.2831565e-04 5.7847169e-04],[0.4467832  0.55321676],"[3.5840213e-11 4.1795307e-01 2.5715901e-06 3.7896339e-07 5.1916099e-06
 5.6581264e-03 5.3645462e-01 3.9652355e-02 2.7370115e-04]"
16201,face0,Asian,Female,10-19,[3.1862833e-02 3.2206506e-05 9.6796083e-01 1.4410932e-04],[0.41023007 0.5897699 ],"[2.01221830e-08 3.19543789e-04 8.59044552e-01 1.93344181e-06
 1.04092935e-04 3.05191241e-03 6.15007989e-02 5.55949546e-02
 2.03822087e-02]"
16281,face0,Asian,Female,50-59,[4.5844584e-04 2.3056167e-07 9.9953920e-01 2.1117553e-06],[0.3334538  0.66654617],"[8.6465152e-10 1.1760883e-03 2.3691464e-02 8.8493471e-06 2.9823442e-03
 3.6193094e-01 5.8586979e-01 2.3990816e-02 3.4979312e-04]"
16616,face0,Asian,Female,10-19,[3.4647998e-03 4.7375366e-07 9.9650657e-01 2.8118142e-05],[0.2510193  0.74898076],"[2.9257334e-12 9.7447435e-07 5.4831576e-01 3.9778250e-08 8.8283115e-05
 8.8414893e-02 3.5619378e-01 6.9413208e-03 4.4909841e-05]"
16620,face0,Asian,Female,50-59,[5.7108067e-03 4.5136408e-06 9.9415100e-01 1.3370391e-04],[0.27250773 0.7274923 ],"[4.8824677e-12 1.7321619e-06 3.0627567e-01 3.3456089e-08 6.0894818e-05
 8.1966624e-02 5.9805006e-01 1.3593077e-02 5.1929997e-05]"
16778,face0,Asian,Female,10-19,[3.8446468e-01 4.8049051e-06 6.1552280e-01 7.6814094e-06],[0.4019677  0.59803236],"[5.4093565e-09 5.6612375e-03 6.5638739e-01 1.8731556e-04 3.9912328e-02
 4.3149155e-02 1.5552533e-01 8.6499892e-02 1.2677298e-02]"
16778,face1,Asian,Female,10-19,[8.2955651e-02 5.5174987e-06 9.1687608e-01 1.6273731e-04],[0.27709094 0.72290903],"[5.3753707e-10 7.9453341e-05 5.5612320e-01 1.0908784e-05 6.8864007e-03
 5.5408426e-02 3.5980529e-01 2.1264002e-02 4.2223316e-04]"
16788,face1,Asian,Female,50-59,[1.5447630e-01 9.4981551e-06 8.4550250e-01 1.1724259e-05],[0.33069554 0.6693045 ],"[1.1179056e-08 4.5037540e-03 2.7246785e-01 3.5064255e-03 2.5144455e-01
 1.3783486e-01 2.8982469e-01 3.6146816e-02 4.2710872e-03]"
16788,face0,Asian,Female,50-59,[2.0709937e-02 1.5187909e-05 9.7926939e-01 5.4661323e-06],[0.34513545 0.65486455],"[7.4706058e-10 1.4811850e-04 1.8771994e-01 1.7068567e-07 1.7591969e-05
 4.8651639e-03 5.6454223e-01 2.3662008e-01 6.0866876e-03]"
17350,face0,White,Female,50-59,[0.96611935 0.00386147 0.01402687 0.01599226],[0.19653194 0.8034681 ],"[2.35396650e-11 1.42225945e-05 3.66041176e-02 3.09618677e-08
 6.02528453e-04 2.37721637e-01 7.04584479e-01 2.04384122e-02
 3.45089575e-05]"
